n_steps_input,mean,std
7,0.6172058915496984,0.231
14,0.2713762502435346,0.298
21,0.7029098912818174,0.204
28,0.2527908921036774,0.303
