,MAPE,MAPE,MAE,MAE,RMSE,RMSE,MSE,MSE,BDS_pvalue,BDS_pvalue
,mean,std,mean,std,mean,std,mean,std,mean,std
n_steps_input,,,,,,,,,,
7,42.0235,12.7504,0.202,0.0591,0.2978,0.0838,0.0955,0.0483,0.6172058915496984,0.2307
14,47.8485,17.2611,0.2239,0.0723,0.3017,0.0969,0.1001,0.0585,0.2713762502435346,0.2976
21,50.7618,17.5791,0.2637,0.0758,0.4789,0.2439,0.2872,0.2961,0.7029098912818174,0.2041
28,55.092,10.9199,0.3148,0.0816,0.5032,0.1892,0.288,0.1929,0.2527908921036774,0.3027
